,timestamp,date
0,2022-02-05 02:01:42,2022-02-05
1,2022-03-18 05:09:09,2022-03-18
2,2022-02-28 05:49:53,2022-02-28
3,2022-10-15 03:25:52,2022-10-15
4,2022-04-28 13:15:26,2022-04-28
5,2022-11-23 16:56:50,2022-11-23
6,2022-01-31 22:31:06,2022-01-31
7,2022-10-18 03:49:16,2022-10-18
8,2022-03-13 08:51:14,2022-03-13
9,2022-04-28 06:15:44,2022-04-28
10,2022-02-04 08:57:58,2022-02-04
11,2022-05-17 13:22:21,2022-05-17
12,2022-12-22 17:34:17,2022-12-22
13,2022-10-08 08:14:49,2022-10-08
14,2022-12-25 04:46:08,2022-12-25
15,2022-12-03 12:37:20,2022-12-03
16,2022-09-15 08:08:18,2022-09-15
17,2022-07-03 07:00:28,2022-07-03
18,2022-07-29 22:34:55,2022-07-29
19,2022-05-30 15:37:35,2022-05-30
20,2022-05-31 15:30:03,2022-05-31
21,2022-07-15 12:59:16,2022-07-15
22,2022-06-07 13:46:06,2022-06-07
23,2022-05-04 14:10:26,2022-05-04
24,2022-10-07 06:27:33,2022-10-07
25,2022-06-16 13:33:20,2022-06-16
26,2022-07-27 11:04:26,2022-07-27
27,2022-10-28 04:34:21,2022-10-28
28,2022-09-03 00:52:03,2022-09-03
29,2022-01-16 18:06:51,2022-01-16
30,2022-09-03 15:30:03,2022-09-03
31,2022-04-10 21:42:36,2022-04-10
32,2022-01-16 22:23:17,2022-01-16
33,2022-03-31 13:27:21,2022-03-31
34,2022-07-19 05:07:28,2022-07-19
35,2022-10-02 02:09:13,2022-10-02
36,2022-01-06 15:35:45,2022-01-06
37,2022-08-10 12:01:53,2022-08-10
38,2022-06-30 09:38:39,2022-06-30
39,2022-11-22 09:51:19,2022-11-22
40,2022-03-28 21:22:27,2022-03-28
41,2022-01-21 09:12:27,2022-01-21
42,2022-05-28 01:15:02,2022-05-28
43,2022-03-31 23:52:43,2022-03-31
44,2022-02-04 09:38:45,2022-02-04
45,2022-07-14 22:42:18,2022-07-14
46,2022-09-08 05:14:19,2022-09-08
47,2022-10-18 02:28:57,2022-10-18
48,2022-06-16 07:15:54,2022-06-16
49,2022-03-17 18:21:43,2022-03-17
50,2022-03-30 00:27:20,2022-03-30
51,2022-10-24 22:47:39,2022-10-24
52,2022-03-21 17:08:18,2022-03-21
53,2022-06-09 09:12:28,2022-06-09
54,2022-03-08 01:21:34,2022-03-08
55,2022-04-29 16:59:32,2022-04-29
56,2022-05-09 06:33:26,2022-05-09
57,2022-11-19 03:04:22,2022-11-19
58,2022-01-04 05:30:16,2022-01-04
59,2022-02-11 14:30:34,2022-02-11
60,2022-11-17 17:54:57,2022-11-17
61,2022-12-29 15:30:48,2022-12-29
62,2022-06-09 07:00:01,2022-06-09
63,2022-05-01 14:17:54,2022-05-01
64,2022-05-07 03:09:31,2022-05-07
65,2022-05-21 16:49:05,2022-05-21
66,2022-08-29 10:10:32,2022-08-29
67,2022-03-20 20:49:08,2022-03-20
68,2022-04-04 09:23:01,2022-04-04
69,2022-07-01 17:56:55,2022-07-01
70,2022-03-10 00:46:48,2022-03-10
71,2022-11-24 02:34:24,2022-11-24
72,2022-03-05 17:29:35,2022-03-05
73,2022-03-27 20:29:30,2022-03-27
74,2022-05-01 00:46:19,2022-05-01
75,2022-08-04 03:52:53,2022-08-04
76,2022-03-04 22:26:33,2022-03-04
77,2022-06-20 23:11:03,2022-06-20
78,2022-03-23 07:22:04,2022-03-23
79,2022-04-28 04:24:43,2022-04-28
80,2022-09-05 02:59:56,2022-09-05
81,2022-02-20 13:26:06,2022-02-20
82,2022-11-18 06:49:18,2022-11-18
83,2022-09-29 00:46:09,2022-09-29
84,2022-10-07 00:18:51,2022-10-07
85,2022-06-11 05:08:30,2022-06-11
86,2022-11-17 16:02:33,2022-11-17
87,2022-07-02 09:44:27,2022-07-02
88,2022-08-16 12:35:54,2022-08-16
89,2022-08-23 01:22:21,2022-08-23
90,2022-10-15 19:59:13,2022-10-15
91,2022-02-11 12:58:47,2022-02-11
92,2022-06-05 02:37:31,2022-06-05
93,2022-11-14 13:43:55,2022-11-14
94,2022-09-13 09:01:39,2022-09-13
95,2022-12-12 23:07:02,2022-12-12
96,2022-01-31 15:02:10,2022-01-31
97,2022-04-09 18:19:31,2022-04-09
98,2022-01-22 18:33:20,2022-01-22
99,2022-11-13 22:03:05,2022-11-13
100,2022-09-30 04:55:41,2022-09-30
101,2022-09-29 09:40:34,2022-09-29
102,2022-04-12 05:29:18,2022-04-12
103,2022-04-26 19:53:55,2022-04-26
104,2022-05-02 23:47:13,2022-05-02
105,2022-04-15 19:08:33,2022-04-15
106,2022-02-18 17:43:34,2022-02-18
107,2022-02-02 14:05:11,2022-02-02
108,2022-08-21 22:02:04,2022-08-21
109,2022-06-10 20:10:24,2022-06-10
110,2022-11-03 22:49:39,2022-11-03
111,2022-06-25 05:25:39,2022-06-25
112,2022-07-12 22:17:17,2022-07-12
113,2022-07-09 01:39:00,2022-07-09
114,2022-01-27 15:08:48,2022-01-27
115,2022-07-07 00:11:19,2022-07-07
116,2022-04-12 19:36:28,2022-04-12
117,2022-08-02 01:53:54,2022-08-02
118,2022-05-18 23:41:39,2022-05-18
119,2022-02-18 11:08:39,2022-02-18
120,2022-04-20 04:57:56,2022-04-20
121,2022-03-29 05:12:11,2022-03-29
122,2022-06-02 08:18:03,2022-06-02
123,2022-08-06 03:37:19,2022-08-06
124,2022-06-14 07:23:26,2022-06-14
125,2022-07-03 11:01:33,2022-07-03
126,2022-08-18 04:56:24,2022-08-18
127,2022-03-09 17:24:08,2022-03-09
128,2022-09-04 20:10:26,2022-09-04
129,2022-04-18 11:53:06,2022-04-18
130,2022-01-23 04:24:18,2022-01-23
131,2022-04-03 11:49:08,2022-04-03
132,2022-11-07 07:20:58,2022-11-07
133,2022-09-05 08:15:33,2022-09-05
134,2022-10-10 07:25:40,2022-10-10
135,2022-05-18 23:30:13,2022-05-18
136,2022-11-20 15:38:00,2022-11-20
137,2022-06-12 13:36:04,2022-06-12
138,2022-05-06 10:09:48,2022-05-06
139,2022-10-01 18:12:42,2022-10-01
140,2022-05-18 04:51:11,2022-05-18
141,2022-08-07 04:19:33,2022-08-07
142,2022-12-17 04:18:08,2022-12-17
143,2022-09-06 17:39:20,2022-09-06
144,2022-01-02 12:14:25,2022-01-02
145,2022-01-14 19:20:09,2022-01-14
146,2022-05-18 21:00:12,2022-05-18
147,2022-10-04 17:42:10,2022-10-04
148,2022-09-17 08:15:39,2022-09-17
149,2022-03-19 16:34:57,2022-03-19
150,2022-07-09 20:59:26,2022-07-09
151,2022-05-08 04:09:31,2022-05-08
152,2022-07-02 01:35:05,2022-07-02
153,2022-07-26 03:36:22,2022-07-26
154,2022-04-24 04:30:24,2022-04-24
155,2022-07-25 13:11:44,2022-07-25
156,2022-06-07 12:13:45,2022-06-07
157,2022-04-14 23:10:34,2022-04-14
158,2022-09-08 22:17:16,2022-09-08
159,2022-07-10 08:05:26,2022-07-10
160,2022-03-23 00:21:19,2022-03-23
161,2022-09-13 21:16:49,2022-09-13
162,2022-11-30 14:58:47,2022-11-30
163,2022-04-07 04:58:42,2022-04-07
164,2022-03-13 10:48:47,2022-03-13
165,2022-07-30 01:03:06,2022-07-30
166,2022-03-23 01:20:00,2022-03-23
167,2022-09-22 08:57:03,2022-09-22
168,2022-09-29 11:54:47,2022-09-29
169,2022-05-15 09:39:01,2022-05-15
170,2022-06-22 23:50:28,2022-06-22
171,2022-08-14 14:15:50,2022-08-14
172,2022-09-09 07:32:18,2022-09-09
173,2022-07-09 18:47:53,2022-07-09
174,2022-01-04 23:28:04,2022-01-04
175,2022-09-30 21:52:40,2022-09-30
176,2022-01-19 16:45:44,2022-01-19
177,2022-08-05 20:12:54,2022-08-05
178,2022-02-08 05:51:43,2022-02-08
179,2022-08-20 02:48:36,2022-08-20
180,2022-07-16 00:44:52,2022-07-16
181,2022-04-09 19:01:23,2022-04-09
182,2022-03-12 15:12:21,2022-03-12
183,2022-07-06 10:47:22,2022-07-06
184,2022-03-24 01:02:05,2022-03-24
185,2022-09-07 12:31:36,2022-09-07
186,2022-09-17 17:52:16,2022-09-17
187,2022-06-10 04:21:28,2022-06-10
188,2022-02-17 04:30:09,2022-02-17
189,2022-06-14 03:34:59,2022-06-14
190,2022-03-18 06:35:22,2022-03-18
191,2022-04-20 11:08:54,2022-04-20
192,2022-12-06 07:48:54,2022-12-06
193,2022-12-02 11:07:07,2022-12-02
194,2022-03-21 20:53:52,2022-03-21
195,2022-11-05 09:10:02,2022-11-05
196,2022-07-19 17:04:17,2022-07-19
197,2022-01-11 21:57:58,2022-01-11
198,2022-10-04 03:46:13,2022-10-04
199,2022-08-31 19:42:12,2022-08-31
200,2022-03-27 22:14:05,2022-03-27
201,2022-07-02 12:08:03,2022-07-02
202,2022-11-10 16:51:06,2022-11-10
203,2022-08-08 20:26:13,2022-08-08
204,2022-07-04 19:20:49,2022-07-04
205,2022-08-27 04:12:49,2022-08-27
206,2022-10-26 23:58:50,2022-10-26
207,2022-03-21 13:00:17,2022-03-21
208,2022-11-01 11:06:18,2022-11-01
209,2022-06-15 04:29:57,2022-06-15
210,2022-01-11 03:17:27,2022-01-11
211,2022-05-21 19:16:38,2022-05-21
212,2022-06-20 06:53:38,2022-06-20
213,2022-04-17 01:20:58,2022-04-17
214,2022-02-06 05:16:25,2022-02-06
215,2022-06-15 12:48:58,2022-06-15
216,2022-05-18 17:09:12,2022-05-18
217,2022-06-15 20:44:04,2022-06-15
218,2022-08-02 06:15:41,2022-08-02
219,2022-06-03 03:16:40,2022-06-03
220,2022-12-04 03:28:51,2022-12-04
221,2022-11-17 14:11:28,2022-11-17
222,2022-05-07 08:48:31,2022-05-07
223,2022-01-30 15:17:34,2022-01-30
224,2022-01-22 20:07:22,2022-01-22
225,2022-11-22 10:38:05,2022-11-22
226,2022-10-19 07:45:10,2022-10-19
227,2022-02-22 23:05:27,2022-02-22
228,2022-06-18 18:21:00,2022-06-18
229,2022-02-27 04:55:50,2022-02-27
230,2022-01-10 17:43:19,2022-01-10
231,2022-02-05 04:27:18,2022-02-05
232,2022-10-21 01:41:45,2022-10-21
233,2022-07-28 02:27:41,2022-07-28
234,2022-10-09 22:36:52,2022-10-09
235,2022-01-22 13:07:04,2022-01-22
236,2022-09-12 08:42:08,2022-09-12
237,2022-11-04 04:10:21,2022-11-04
238,2022-11-15 08:32:57,2022-11-15
239,2022-10-05 04:34:19,2022-10-05
240,2022-04-15 16:37:29,2022-04-15
241,2022-10-16 05:53:06,2022-10-16
242,2022-11-23 09:36:22,2022-11-23
243,2022-09-30 18:40:20,2022-09-30
244,2022-05-22 06:45:40,2022-05-22
245,2022-01-19 22:51:38,2022-01-19
246,2022-11-30 14:32:51,2022-11-30
247,2022-09-08 16:28:24,2022-09-08
248,2022-09-05 07:33:23,2022-09-05
249,2022-08-04 05:38:17,2022-08-04
250,2022-01-27 23:51:40,2022-01-27
251,2022-06-13 19:26:51,2022-06-13
252,2022-07-29 20:15:47,2022-07-29
253,2022-10-13 09:36:43,2022-10-13
254,2022-04-05 00:07:04,2022-04-05
255,2022-10-07 09:47:55,2022-10-07
256,2022-01-09 10:02:36,2022-01-09
257,2022-07-16 06:13:37,2022-07-16
258,2022-06-23 06:06:04,2022-06-23
259,2022-02-01 14:18:56,2022-02-01
260,2022-01-15 10:21:33,2022-01-15
261,2022-05-19 03:12:43,2022-05-19
262,2022-06-16 11:26:34,2022-06-16
263,2022-09-22 06:32:54,2022-09-22
264,2022-11-14 15:29:10,2022-11-14
265,2022-01-06 09:39:26,2022-01-06
266,2022-11-15 05:53:08,2022-11-15
267,2022-06-08 19:48:38,2022-06-08
268,2022-07-15 03:48:27,2022-07-15
269,2022-12-22 21:49:46,2022-12-22
270,2022-11-01 20:38:55,2022-11-01
271,2022-10-05 16:57:21,2022-10-05
272,2022-03-29 04:11:45,2022-03-29
273,2022-04-12 03:25:32,2022-04-12
274,2022-02-28 01:03:42,2022-02-28
275,2022-02-22 17:59:44,2022-02-22
276,2022-11-27 00:17:47,2022-11-27
277,2022-08-10 22:20:06,2022-08-10
278,2022-10-19 15:47:33,2022-10-19
279,2022-08-27 21:36:41,2022-08-27
280,2022-09-29 22:12:17,2022-09-29
281,2022-04-22 04:56:21,2022-04-22
282,2022-07-29 11:10:19,2022-07-29
283,2022-07-20 07:56:07,2022-07-20
284,2022-09-19 08:39:51,2022-09-19
285,2022-07-14 11:59:25,2022-07-14
286,2022-09-10 11:29:41,2022-09-10
287,2022-04-14 20:16:48,2022-04-14
288,2022-07-30 15:26:08,2022-07-30
289,2022-09-26 08:42:48,2022-09-26
290,2022-01-25 06:52:48,2022-01-25
291,2022-06-04 07:38:55,2022-06-04
292,2022-07-04 05:11:55,2022-07-04
293,2022-08-03 00:41:37,2022-08-03
294,2022-01-09 17:35:38,2022-01-09
295,2022-05-04 15:12:35,2022-05-04
296,2022-02-17 04:54:27,2022-02-17
297,2022-07-20 19:18:41,2022-07-20
298,2022-08-22 09:31:11,2022-08-22
299,2022-02-11 01:47:54,2022-02-11
300,2022-09-22 08:25:45,2022-09-22
301,2022-08-20 16:38:01,2022-08-20
302,2022-01-16 15:31:05,2022-01-16
303,2022-09-04 06:23:11,2022-09-04
304,2022-11-16 00:08:46,2022-11-16
305,2022-09-29 09:46:14,2022-09-29
306,2022-04-28 05:42:55,2022-04-28
307,2022-01-28 22:33:50,2022-01-28
308,2022-04-01 20:06:18,2022-04-01
309,2022-12-22 05:29:14,2022-12-22
310,2022-03-08 23:53:27,2022-03-08
311,2022-12-03 08:00:09,2022-12-03
312,2022-09-10 22:35:31,2022-09-10
313,2022-12-15 23:27:12,2022-12-15
314,2022-02-05 22:48:56,2022-02-05
315,2022-07-06 21:15:24,2022-07-06
316,2022-12-22 14:52:12,2022-12-22
317,2022-10-03 18:18:53,2022-10-03
318,2022-10-30 16:45:39,2022-10-30
319,2022-06-23 09:53:37,2022-06-23
320,2022-04-09 17:42:01,2022-04-09
321,2022-01-11 17:52:43,2022-01-11
322,2022-01-31 21:10:41,2022-01-31
323,2022-09-20 17:54:51,2022-09-20
324,2022-05-29 04:57:40,2022-05-29
325,2022-01-25 08:12:01,2022-01-25
326,2022-11-04 18:15:35,2022-11-04
327,2022-08-01 16:28:46,2022-08-01
328,2022-02-25 09:35:21,2022-02-25
329,2022-11-09 20:52:02,2022-11-09
330,2022-07-09 06:47:50,2022-07-09
331,2022-06-03 23:03:47,2022-06-03
332,2022-01-14 05:13:48,2022-01-14
333,2022-05-10 04:36:24,2022-05-10
334,2022-11-08 10:45:41,2022-11-08
335,2022-06-11 23:34:35,2022-06-11
336,2022-10-16 17:52:32,2022-10-16
337,2022-02-14 07:14:12,2022-02-14
338,2022-01-29 00:29:53,2022-01-29
339,2022-01-25 04:50:32,2022-01-25
340,2022-01-26 12:00:56,2022-01-26
341,2022-08-08 04:19:50,2022-08-08
342,2022-08-24 14:54:50,2022-08-24
343,2022-11-14 21:36:49,2022-11-14
344,2022-08-16 02:54:40,2022-08-16
345,2022-08-11 10:20:35,2022-08-11
346,2022-02-10 10:14:39,2022-02-10
347,2022-07-03 13:38:53,2022-07-03
348,2022-04-28 16:44:00,2022-04-28
349,2022-11-14 08:06:17,2022-11-14
350,2022-10-14 03:37:28,2022-10-14
351,2022-04-24 07:40:27,2022-04-24
352,2022-03-24 22:16:20,2022-03-24
353,2022-10-26 07:37:36,2022-10-26
354,2022-12-22 07:18:39,2022-12-22
355,2022-12-30 12:47:58,2022-12-30
356,2022-11-30 15:18:25,2022-11-30
357,2022-08-31 10:59:44,2022-08-31
358,2022-06-03 13:50:09,2022-06-03
359,2022-10-10 21:32:59,2022-10-10
360,2022-01-11 16:01:39,2022-01-11
361,2022-11-29 22:17:50,2022-11-29
362,2022-03-14 13:39:48,2022-03-14
363,2022-02-24 17:45:48,2022-02-24
364,2022-05-11 17:50:25,2022-05-11
365,2022-07-07 15:00:04,2022-07-07
366,2022-10-13 00:37:45,2022-10-13
367,2022-05-16 03:33:36,2022-05-16
368,2022-07-05 15:14:52,2022-07-05
369,2022-01-12 18:19:01,2022-01-12
370,2022-10-26 18:45:21,2022-10-26
371,2022-02-21 12:16:50,2022-02-21
372,2022-04-13 16:41:05,2022-04-13
373,2022-10-09 06:56:26,2022-10-09
374,2022-07-03 07:33:06,2022-07-03
375,2022-08-18 02:44:19,2022-08-18
376,2022-07-25 14:12:05,2022-07-25
377,2022-10-08 21:24:58,2022-10-08
378,2022-05-10 09:01:12,2022-05-10
379,2022-12-27 00:02:05,2022-12-27
380,2022-09-19 03:54:08,2022-09-19
381,2022-02-08 05:35:51,2022-02-08
382,2022-09-01 01:25:14,2022-09-01
383,2022-01-19 10:05:46,2022-01-19
384,2022-08-08 20:27:19,2022-08-08
385,2022-11-04 12:43:13,2022-11-04
386,2022-08-27 00:39:31,2022-08-27
387,2022-11-28 05:33:06,2022-11-28
388,2022-05-07 06:49:36,2022-05-07
389,2022-09-13 17:36:57,2022-09-13
390,2022-12-30 17:21:40,2022-12-30
391,2022-06-27 05:28:25,2022-06-27
392,2022-04-27 19:04:33,2022-04-27
393,2022-04-14 18:13:37,2022-04-14
394,2022-08-17 00:48:29,2022-08-17
395,2022-04-13 13:34:59,2022-04-13
396,2022-10-01 20:04:25,2022-10-01
397,2022-07-05 17:33:41,2022-07-05
398,2022-02-08 19:34:37,2022-02-08
399,2022-09-14 11:49:20,2022-09-14
400,2022-05-17 05:35:12,2022-05-17
401,2022-11-28 21:22:09,2022-11-28
402,2022-10-27 14:28:12,2022-10-27
403,2022-03-31 13:14:11,2022-03-31
404,2022-02-14 08:33:38,2022-02-14
405,2022-10-08 06:36:04,2022-10-08
406,2022-08-28 03:14:15,2022-08-28
407,2022-02-07 08:37:24,2022-02-07
408,2022-02-22 02:23:09,2022-02-22
409,2022-05-07 23:57:30,2022-05-07
410,2022-01-04 00:02:00,2022-01-04
411,2022-06-24 04:06:15,2022-06-24
412,2022-05-29 11:30:39,2022-05-29
413,2022-07-23 05:43:17,2022-07-23
414,2022-08-04 17:09:05,2022-08-04
415,2022-03-08 16:57:00,2022-03-08
416,2022-09-02 15:40:25,2022-09-02
417,2022-06-07 23:54:26,2022-06-07
418,2022-02-11 18:12:07,2022-02-11
419,2022-10-18 01:51:33,2022-10-18
420,2022-11-06 19:45:15,2022-11-06
421,2022-11-09 21:18:44,2022-11-09
422,2022-10-23 01:12:36,2022-10-23
423,2022-04-10 13:12:47,2022-04-10
424,2022-11-19 07:04:18,2022-11-19
425,2022-11-23 17:50:12,2022-11-23
426,2022-12-30 00:59:07,2022-12-30
427,2022-10-31 09:30:37,2022-10-31
428,2022-10-31 10:49:51,2022-10-31
429,2022-02-05 11:03:45,2022-02-05
430,2022-07-21 00:58:51,2022-07-21
431,2022-03-31 04:14:29,2022-03-31
432,2022-09-16 07:00:59,2022-09-16
433,2022-01-07 20:00:36,2022-01-07
434,2022-01-22 08:57:48,2022-01-22
435,2022-09-12 13:39:05,2022-09-12
436,2022-05-26 09:21:15,2022-05-26
437,2022-01-02 02:08:53,2022-01-02
438,2022-06-08 12:24:43,2022-06-08
439,2022-08-17 23:33:49,2022-08-17
440,2022-10-14 00:48:35,2022-10-14
441,2022-07-03 11:50:59,2022-07-03
442,2022-01-24 22:18:14,2022-01-24
443,2022-05-08 12:49:32,2022-05-08
444,2022-03-21 20:00:06,2022-03-21
445,2022-04-04 04:17:06,2022-04-04
446,2022-04-04 10:28:34,2022-04-04
447,2022-08-02 22:38:08,2022-08-02
448,2022-03-19 21:21:32,2022-03-19
449,2022-05-23 10:45:06,2022-05-23
450,2022-07-03 14:18:09,2022-07-03
451,2022-08-02 01:32:16,2022-08-02
452,2022-07-19 07:44:13,2022-07-19
453,2022-05-08 12:58:21,2022-05-08
454,2022-07-16 19:01:17,2022-07-16
455,2022-01-27 08:33:16,2022-01-27
456,2022-08-03 17:54:52,2022-08-03
457,2022-01-07 18:58:53,2022-01-07
458,2022-05-19 13:44:46,2022-05-19
459,2022-10-17 13:58:20,2022-10-17
460,2022-06-03 00:02:07,2022-06-03
461,2022-07-18 03:03:16,2022-07-18
462,2022-08-29 00:05:35,2022-08-29
463,2022-04-07 16:22:52,2022-04-07
464,2022-01-03 20:17:36,2022-01-03
465,2022-10-05 03:35:26,2022-10-05
466,2022-05-02 07:40:15,2022-05-02
467,2022-04-27 07:44:03,2022-04-27
468,2022-04-26 12:34:37,2022-04-26
469,2022-12-29 01:44:15,2022-12-29
470,2022-01-01 02:17:00,2022-01-01
471,2022-06-05 10:54:31,2022-06-05
472,2022-04-18 02:05:33,2022-04-18
473,2022-02-04 16:29:08,2022-02-04
474,2022-11-02 07:43:03,2022-11-02
475,2022-08-30 02:27:23,2022-08-30
476,2022-10-03 19:34:50,2022-10-03
477,2022-08-16 11:14:23,2022-08-16
478,2022-09-01 20:42:53,2022-09-01
479,2022-09-05 05:53:17,2022-09-05
480,2022-10-25 10:10:06,2022-10-25
481,2022-02-25 12:55:11,2022-02-25
482,2022-04-22 08:34:09,2022-04-22
483,2022-11-22 14:40:16,2022-11-22
484,2022-05-14 19:32:00,2022-05-14
485,2022-04-25 07:48:44,2022-04-25
486,2022-05-04 07:01:36,2022-05-04
487,2022-02-25 03:35:26,2022-02-25
488,2022-01-30 02:58:28,2022-01-30
489,2022-04-23 11:17:38,2022-04-23
490,2022-01-09 06:10:44,2022-01-09
491,2022-02-07 15:34:06,2022-02-07
492,2022-06-24 07:34:12,2022-06-24
493,2022-07-21 23:00:57,2022-07-21
494,2022-02-21 17:51:20,2022-02-21
495,2022-06-01 16:48:20,2022-06-01
496,2022-04-30 16:45:41,2022-04-30
497,2022-11-17 05:07:47,2022-11-17
498,2022-10-14 10:51:50,2022-10-14
499,2022-02-21 19:13:26,2022-02-21
500,2022-10-20 23:37:29,2022-10-20
501,2022-05-18 10:39:32,2022-05-18
502,2022-06-22 23:12:32,2022-06-22
503,2022-04-26 01:33:46,2022-04-26
504,2022-03-29 04:29:42,2022-03-29
505,2022-06-13 00:39:44,2022-06-13
506,2022-09-01 15:43:55,2022-09-01
507,2022-12-03 23:12:21,2022-12-03
508,2022-05-30 11:19:47,2022-05-30
509,2022-07-26 03:42:01,2022-07-26
510,2022-11-11 01:31:09,2022-11-11
511,2022-10-25 07:02:25,2022-10-25
512,2022-12-01 15:33:36,2022-12-01
513,2022-11-30 04:37:46,2022-11-30
514,2022-04-13 00:02:00,2022-04-13
515,2022-04-16 04:54:08,2022-04-16
516,2022-07-02 19:37:22,2022-07-02
517,2022-10-25 20:40:32,2022-10-25
518,2022-09-06 19:25:23,2022-09-06
519,2022-06-14 08:35:37,2022-06-14
520,2022-01-15 21:34:29,2022-01-15
521,2022-04-09 14:54:38,2022-04-09
522,2022-06-07 17:08:09,2022-06-07
523,2022-02-15 04:39:07,2022-02-15
524,2022-11-29 00:19:28,2022-11-29
525,2022-07-18 19:37:59,2022-07-18
526,2022-12-27 03:22:06,2022-12-27
527,2022-09-10 01:30:57,2022-09-10
528,2022-04-26 22:14:57,2022-04-26
529,2022-04-10 06:49:50,2022-04-10
530,2022-02-07 07:31:55,2022-02-07
531,2022-09-25 08:15:47,2022-09-25
532,2022-08-17 02:13:43,2022-08-17
533,2022-05-08 18:32:25,2022-05-08
534,2022-07-24 22:22:05,2022-07-24
535,2022-03-25 16:39:00,2022-03-25
536,2022-10-08 13:40:18,2022-10-08
537,2022-05-17 00:42:41,2022-05-17
538,2022-12-03 11:03:52,2022-12-03
539,2022-11-06 03:12:05,2022-11-06
540,2022-03-06 16:28:53,2022-03-06
541,2022-09-17 09:14:31,2022-09-17
542,2022-09-13 04:04:58,2022-09-13
543,2022-04-23 13:03:06,2022-04-23
544,2022-04-26 07:14:42,2022-04-26
545,2022-10-16 17:44:55,2022-10-16
546,2022-05-14 03:27:13,2022-05-14
547,2022-04-02 02:53:12,2022-04-02
548,2022-03-17 23:33:48,2022-03-17
549,2022-10-23 05:08:12,2022-10-23
550,2022-05-01 21:53:18,2022-05-01
551,2022-05-17 10:13:49,2022-05-17
552,2022-07-23 06:58:33,2022-07-23
553,2022-01-26 23:55:59,2022-01-26
554,2022-12-08 22:16:21,2022-12-08
555,2022-08-01 20:25:27,2022-08-01
556,2022-10-24 15:42:20,2022-10-24
557,2022-01-29 23:50:04,2022-01-29
558,2022-10-22 21:05:54,2022-10-22
559,2022-10-22 08:26:01,2022-10-22
560,2022-12-22 20:16:32,2022-12-22
561,2022-03-24 02:37:27,2022-03-24
562,2022-06-09 09:44:49,2022-06-09
563,2022-02-21 21:37:31,2022-02-21
564,2022-04-08 09:19:56,2022-04-08
565,2022-07-09 00:03:05,2022-07-09
566,2022-11-18 17:10:17,2022-11-18
567,2022-12-17 09:19:08,2022-12-17
568,2022-08-15 13:49:22,2022-08-15
569,2022-10-05 08:46:50,2022-10-05
570,2022-04-16 16:01:22,2022-04-16
571,2022-05-06 13:54:21,2022-05-06
572,2022-08-18 20:19:02,2022-08-18
573,2022-12-14 07:16:26,2022-12-14
574,2022-06-13 13:22:22,2022-06-13
575,2022-11-07 15:36:45,2022-11-07
576,2022-10-19 12:40:34,2022-10-19
577,2022-06-29 00:29:32,2022-06-29
578,2022-05-19 01:18:54,2022-05-19
579,2022-11-09 07:59:43,2022-11-09
580,2022-06-15 00:50:33,2022-06-15
581,2022-06-04 15:49:21,2022-06-04
582,2022-08-22 02:27:06,2022-08-22
583,2022-04-23 10:56:00,2022-04-23
584,2022-05-27 03:02:08,2022-05-27
585,2022-11-13 12:49:20,2022-11-13
586,2022-10-25 10:46:18,2022-10-25
587,2022-08-24 12:30:15,2022-08-24
588,2022-10-10 19:06:02,2022-10-10
589,2022-10-16 08:08:01,2022-10-16
590,2022-05-03 09:01:03,2022-05-03
591,2022-01-30 08:50:01,2022-01-30
592,2022-09-22 10:35:49,2022-09-22
593,2022-07-23 03:54:34,2022-07-23
594,2022-03-26 04:14:35,2022-03-26
595,2022-06-12 04:30:26,2022-06-12
596,2022-06-20 08:21:40,2022-06-20
597,2022-01-16 18:13:45,2022-01-16
598,2022-06-27 08:12:42,2022-06-27
599,2022-11-24 22:01:48,2022-11-24
600,2022-04-23 22:12:18,2022-04-23
601,2022-06-25 21:50:50,2022-06-25
602,2022-09-15 15:26:31,2022-09-15
603,2022-07-06 03:45:55,2022-07-06
604,2022-08-19 03:38:54,2022-08-19
605,2022-08-13 10:39:03,2022-08-13
606,2022-01-20 11:19:36,2022-01-20
607,2022-08-30 08:00:13,2022-08-30
608,2022-04-01 06:16:25,2022-04-01
609,2022-02-17 19:02:22,2022-02-17
610,2022-05-24 01:53:35,2022-05-24
611,2022-03-19 05:27:44,2022-03-19
612,2022-02-08 01:36:25,2022-02-08
613,2022-08-27 23:45:30,2022-08-27
614,2022-09-05 18:56:18,2022-09-05
615,2022-01-31 05:06:25,2022-01-31
616,2022-03-07 22:18:30,2022-03-07
617,2022-04-10 17:05:01,2022-04-10
618,2022-09-27 17:08:07,2022-09-27
619,2022-11-04 02:46:15,2022-11-04
620,2022-03-26 19:31:30,2022-03-26
621,2022-10-18 14:12:51,2022-10-18
622,2022-10-17 16:50:25,2022-10-17
623,2022-05-09 16:46:03,2022-05-09
624,2022-07-21 07:15:29,2022-07-21
625,2022-09-25 10:40:57,2022-09-25
626,2022-07-29 03:11:39,2022-07-29
627,2022-02-21 09:04:27,2022-02-21
628,2022-08-13 11:51:56,2022-08-13
629,2022-08-23 14:27:18,2022-08-23
630,2022-10-19 04:18:21,2022-10-19
631,2022-07-21 19:26:23,2022-07-21
632,2022-11-27 23:37:16,2022-11-27
633,2022-04-11 14:16:25,2022-04-11
634,2022-09-14 07:34:39,2022-09-14
635,2022-09-30 15:14:25,2022-09-30
636,2022-03-22 11:39:01,2022-03-22
637,2022-10-24 15:36:49,2022-10-24
638,2022-06-06 01:30:20,2022-06-06
639,2022-05-15 10:52:30,2022-05-15
640,2022-05-01 01:35:28,2022-05-01
641,2022-02-08 13:39:06,2022-02-08
642,2022-04-21 17:29:11,2022-04-21
643,2022-08-16 13:31:32,2022-08-16
644,2022-03-11 04:33:48,2022-03-11
645,2022-04-07 06:58:18,2022-04-07
646,2022-05-11 07:57:14,2022-05-11
647,2022-05-07 23:55:15,2022-05-07
648,2022-08-07 18:53:45,2022-08-07
649,2022-12-07 06:02:21,2022-12-07
650,2022-05-04 10:06:00,2022-05-04
651,2022-11-05 15:11:43,2022-11-05
652,2022-04-04 20:05:35,2022-04-04
653,2022-10-29 17:22:22,2022-10-29
654,2022-08-15 05:19:29,2022-08-15
655,2022-05-08 18:13:50,2022-05-08
656,2022-10-09 14:29:43,2022-10-09
657,2022-03-08 06:49:45,2022-03-08
658,2022-04-07 02:34:54,2022-04-07
659,2022-08-31 19:34:45,2022-08-31
660,2022-06-15 00:05:08,2022-06-15
661,2022-08-02 12:22:12,2022-08-02
662,2022-01-06 05:17:05,2022-01-06
663,2022-03-19 21:33:51,2022-03-19
664,2022-11-05 03:59:57,2022-11-05
665,2022-09-05 09:45:57,2022-09-05
666,2022-05-15 03:16:45,2022-05-15
667,2022-09-05 17:36:32,2022-09-05
668,2022-11-14 18:22:46,2022-11-14
669,2022-03-12 13:56:38,2022-03-12
670,2022-09-06 03:36:25,2022-09-06
671,2022-10-31 15:27:32,2022-10-31
672,2022-06-09 13:49:51,2022-06-09
673,2022-04-18 16:47:23,2022-04-18
674,2022-05-29 14:16:25,2022-05-29
675,2022-12-12 13:03:13,2022-12-12
676,2022-05-10 22:51:47,2022-05-10
677,2022-04-18 12:55:09,2022-04-18
678,2022-03-14 22:25:12,2022-03-14
679,2022-12-11 07:51:34,2022-12-11
680,2022-09-11 05:22:48,2022-09-11
681,2022-10-18 12:17:15,2022-10-18
682,2022-06-02 07:00:30,2022-06-02
683,2022-04-30 12:09:37,2022-04-30
684,2022-03-03 14:08:04,2022-03-03
685,2022-09-26 09:13:43,2022-09-26
686,2022-07-16 09:40:38,2022-07-16
687,2022-02-12 03:54:04,2022-02-12
688,2022-05-24 23:30:07,2022-05-24
689,2022-05-09 03:43:00,2022-05-09
690,2022-08-25 05:19:59,2022-08-25
691,2022-05-16 05:35:50,2022-05-16
692,2022-07-11 06:55:31,2022-07-11
693,2022-11-15 22:38:18,2022-11-15
694,2022-01-13 13:30:54,2022-01-13
695,2022-03-10 18:25:43,2022-03-10
696,2022-04-23 15:00:39,2022-04-23
697,2022-06-23 11:22:03,2022-06-23
698,2022-07-30 20:02:58,2022-07-30
699,2022-06-01 10:53:23,2022-06-01
700,2022-09-26 17:18:18,2022-09-26
701,2022-07-26 13:41:56,2022-07-26
702,2022-04-07 17:34:21,2022-04-07
703,2022-02-01 16:41:46,2022-02-01
704,2022-08-02 01:26:14,2022-08-02
705,2022-05-27 13:01:40,2022-05-27
706,2022-03-18 21:32:35,2022-03-18
707,2022-10-18 12:51:16,2022-10-18
708,2022-05-06 20:31:28,2022-05-06
709,2022-09-02 19:27:48,2022-09-02
710,2022-12-14 12:24:02,2022-12-14
711,2022-04-29 07:42:25,2022-04-29
712,2022-11-19 19:06:07,2022-11-19
713,2022-02-22 05:06:21,2022-02-22
714,2022-04-10 23:59:24,2022-04-10
715,2022-01-01 05:25:00,2022-01-01
716,2022-03-10 05:29:12,2022-03-10
717,2022-08-23 12:55:18,2022-08-23
718,2022-08-09 00:28:31,2022-08-09
719,2022-03-23 06:05:55,2022-03-23
720,2022-03-02 02:06:48,2022-03-02
721,2022-03-31 06:44:44,2022-03-31
722,2022-04-18 10:51:29,2022-04-18
723,2022-09-04 03:47:54,2022-09-04
724,2022-03-14 01:22:45,2022-03-14
725,2022-02-14 16:26:48,2022-02-14
726,2022-12-05 00:40:17,2022-12-05
727,2022-06-02 18:38:09,2022-06-02
728,2022-07-20 00:42:53,2022-07-20
729,2022-03-24 19:24:22,2022-03-24
730,2022-02-11 11:07:38,2022-02-11
731,2022-09-27 03:06:48,2022-09-27
732,2022-01-15 23:09:26,2022-01-15
733,2022-06-23 07:14:04,2022-06-23
734,2022-08-21 18:19:42,2022-08-21
735,2022-12-21 19:10:42,2022-12-21
736,2022-04-05 02:10:45,2022-04-05
737,2022-12-02 00:05:51,2022-12-02
738,2022-10-28 12:28:16,2022-10-28
739,2022-09-01 19:50:51,2022-09-01
740,2022-08-25 17:30:03,2022-08-25
741,2022-10-29 08:50:25,2022-10-29
742,2022-09-16 23:50:26,2022-09-16
743,2022-01-17 13:28:25,2022-01-17
744,2022-03-10 16:30:51,2022-03-10
745,2022-04-19 12:06:48,2022-04-19
746,2022-03-26 11:48:06,2022-03-26
747,2022-08-14 21:16:09,2022-08-14
748,2022-11-03 03:04:01,2022-11-03
749,2022-08-23 04:04:06,2022-08-23
750,2022-05-25 03:22:54,2022-05-25
751,2022-07-04 17:56:07,2022-07-04
752,2022-10-25 21:24:26,2022-10-25
753,2022-06-30 21:47:08,2022-06-30
754,2022-02-04 21:20:51,2022-02-04
755,2022-07-09 21:45:16,2022-07-09
756,2022-10-27 01:05:42,2022-10-27
757,2022-02-12 15:40:49,2022-02-12
758,2022-04-01 16:27:46,2022-04-01
759,2022-03-10 04:31:08,2022-03-10
760,2022-06-20 10:59:29,2022-06-20
761,2022-02-06 03:02:32,2022-02-06
762,2022-11-15 10:18:35,2022-11-15
763,2022-02-08 11:11:38,2022-02-08
764,2022-07-12 21:06:27,2022-07-12
765,2022-05-17 08:39:40,2022-05-17
766,2022-11-18 21:56:18,2022-11-18
767,2022-03-07 01:55:47,2022-03-07
768,2022-04-05 21:44:10,2022-04-05
769,2022-02-02 00:34:11,2022-02-02
770,2022-11-02 03:10:31,2022-11-02
771,2022-03-22 07:17:21,2022-03-22
772,2022-03-08 16:51:25,2022-03-08
773,2022-01-10 15:21:13,2022-01-10
774,2022-09-18 19:01:16,2022-09-18
775,2022-11-13 12:25:32,2022-11-13
776,2022-12-08 21:17:06,2022-12-08
777,2022-10-24 22:22:44,2022-10-24
778,2022-12-16 13:25:03,2022-12-16
779,2022-10-07 07:36:41,2022-10-07
780,2022-08-17 12:15:59,2022-08-17
781,2022-01-21 10:55:05,2022-01-21
782,2022-08-08 04:52:33,2022-08-08
783,2022-12-22 23:41:44,2022-12-22
784,2022-04-17 11:28:46,2022-04-17
785,2022-09-03 23:53:37,2022-09-03
786,2022-03-27 08:48:47,2022-03-27
787,2022-10-03 10:01:00,2022-10-03
788,2022-11-01 11:02:59,2022-11-01
789,2022-03-20 01:03:42,2022-03-20
790,2022-01-17 16:44:24,2022-01-17
791,2022-11-24 05:54:33,2022-11-24
792,2022-05-01 02:56:26,2022-05-01
793,2022-02-04 18:07:53,2022-02-04
794,2022-07-14 12:23:03,2022-07-14
795,2022-08-26 19:43:07,2022-08-26
796,2022-08-22 17:21:58,2022-08-22
797,2022-12-11 10:02:49,2022-12-11
798,2022-03-12 20:09:56,2022-03-12
799,2022-05-02 19:32:15,2022-05-02
800,2022-06-27 05:42:59,2022-06-27
801,2022-05-16 13:00:39,2022-05-16
802,2022-09-15 07:27:35,2022-09-15
803,2022-12-25 16:03:25,2022-12-25
804,2022-01-06 12:35:12,2022-01-06
805,2022-07-06 22:57:52,2022-07-06
806,2022-03-17 15:17:38,2022-03-17
807,2022-04-29 20:24:03,2022-04-29
808,2022-11-03 18:22:34,2022-11-03
809,2022-11-09 22:17:26,2022-11-09
810,2022-06-16 21:01:11,2022-06-16
811,2022-02-22 03:50:56,2022-02-22
812,2022-07-04 07:38:51,2022-07-04
813,2022-03-02 22:19:38,2022-03-02
814,2022-06-09 12:54:45,2022-06-09
815,2022-01-17 12:26:14,2022-01-17
816,2022-06-25 22:55:57,2022-06-25
817,2022-10-20 14:11:14,2022-10-20
818,2022-10-04 10:16:58,2022-10-04
819,2022-02-02 18:47:34,2022-02-02
820,2022-01-13 21:11:30,2022-01-13
821,2022-10-28 10:33:03,2022-10-28
822,2022-10-26 22:16:31,2022-10-26
823,2022-07-30 03:56:21,2022-07-30
824,2022-08-06 06:30:45,2022-08-06
825,2022-04-23 21:02:26,2022-04-23
826,2022-03-31 01:50:33,2022-03-31
827,2022-07-31 11:18:52,2022-07-31
828,2022-09-23 01:03:37,2022-09-23
829,2022-07-08 19:50:13,2022-07-08
830,2022-11-14 15:20:38,2022-11-14
831,2022-03-24 17:37:28,2022-03-24
832,2022-11-21 23:36:53,2022-11-21
833,2022-03-30 11:40:25,2022-03-30
834,2022-12-16 08:21:23,2022-12-16
835,2022-04-12 12:51:16,2022-04-12
836,2022-06-18 09:43:48,2022-06-18
837,2022-02-09 20:44:30,2022-02-09
838,2022-09-20 20:29:17,2022-09-20
839,2022-05-27 23:38:14,2022-05-27
840,2022-05-20 11:29:53,2022-05-20
841,2022-09-24 13:57:40,2022-09-24
842,2022-01-26 14:16:02,2022-01-26
843,2022-02-02 13:59:41,2022-02-02
844,2022-07-11 17:39:14,2022-07-11
845,2022-01-10 18:22:19,2022-01-10
846,2022-12-29 14:21:47,2022-12-29
847,2022-07-03 22:22:02,2022-07-03
848,2022-06-20 01:48:41,2022-06-20
849,2022-05-14 19:40:57,2022-05-14
850,2022-02-10 02:33:40,2022-02-10
851,2022-11-01 09:38:57,2022-11-01
852,2022-11-01 17:25:00,2022-11-01
853,2022-03-28 05:15:21,2022-03-28
854,2022-11-26 11:40:14,2022-11-26
855,2022-06-19 11:52:47,2022-06-19
856,2022-02-11 18:01:25,2022-02-11
857,2022-09-30 21:58:39,2022-09-30
858,2022-11-13 15:20:29,2022-11-13
859,2022-11-28 13:15:49,2022-11-28
860,2022-12-07 20:58:52,2022-12-07
861,2022-05-28 04:53:16,2022-05-28
862,2022-10-06 13:43:12,2022-10-06
863,2022-10-02 01:44:56,2022-10-02
864,2022-04-24 21:52:38,2022-04-24
865,2022-10-18 17:56:32,2022-10-18
866,2022-02-07 17:12:39,2022-02-07
867,2022-10-01 13:37:10,2022-10-01
868,2022-06-01 23:49:19,2022-06-01
869,2022-02-24 05:45:29,2022-02-24
870,2022-05-28 11:04:01,2022-05-28
871,2022-12-17 07:52:41,2022-12-17
872,2022-03-31 07:34:20,2022-03-31
873,2022-11-27 18:54:09,2022-11-27
874,2022-04-12 10:31:59,2022-04-12
875,2022-05-18 07:52:26,2022-05-18
876,2022-08-03 04:01:30,2022-08-03
877,2022-07-27 00:42:26,2022-07-27
878,2022-10-05 17:34:50,2022-10-05
879,2022-12-21 22:41:54,2022-12-21
880,2022-03-19 10:44:13,2022-03-19
881,2022-09-04 20:37:56,2022-09-04
882,2022-05-07 22:11:24,2022-05-07
883,2022-03-05 03:43:35,2022-03-05
884,2022-03-23 20:49:27,2022-03-23
885,2022-06-15 22:04:02,2022-06-15
886,2022-12-04 22:34:48,2022-12-04
887,2022-05-07 05:09:13,2022-05-07
888,2022-04-30 05:16:54,2022-04-30
889,2022-05-08 09:21:36,2022-05-08
890,2022-02-10 13:38:53,2022-02-10
891,2022-08-09 21:43:32,2022-08-09
892,2022-12-13 06:40:00,2022-12-13
893,2022-02-27 10:25:18,2022-02-27
894,2022-10-15 09:44:59,2022-10-15
895,2022-07-17 14:34:13,2022-07-17
896,2022-03-20 10:25:29,2022-03-20
897,2022-01-24 09:41:36,2022-01-24
898,2022-01-02 08:26:37,2022-01-02
899,2022-06-30 02:01:17,2022-06-30
900,2022-06-15 16:17:12,2022-06-15
901,2022-01-22 04:13:12,2022-01-22
902,2022-12-07 04:02:17,2022-12-07
903,2022-08-13 09:35:51,2022-08-13
904,2022-03-08 13:05:44,2022-03-08
905,2022-05-15 12:44:46,2022-05-15
906,2022-07-02 19:36:14,2022-07-02
907,2022-11-19 21:48:22,2022-11-19
908,2022-01-02 23:24:09,2022-01-02
909,2022-12-15 22:46:23,2022-12-15
910,2022-05-19 14:06:49,2022-05-19
911,2022-07-16 10:39:11,2022-07-16
912,2022-08-02 14:41:21,2022-08-02
913,2022-11-25 12:55:50,2022-11-25
914,2022-10-23 04:01:56,2022-10-23
915,2022-04-10 22:06:43,2022-04-10
916,2022-03-17 13:57:37,2022-03-17
917,2022-04-05 17:34:41,2022-04-05
918,2022-05-04 22:56:11,2022-05-04
919,2022-01-03 09:42:47,2022-01-03
920,2022-05-26 10:15:22,2022-05-26
921,2022-08-15 05:25:59,2022-08-15
922,2022-01-08 17:15:37,2022-01-08
923,2022-11-27 10:43:43,2022-11-27
924,2022-10-24 16:18:16,2022-10-24
925,2022-10-21 08:34:57,2022-10-21
926,2022-06-28 17:19:13,2022-06-28
927,2022-02-16 13:25:56,2022-02-16
928,2022-12-21 03:25:46,2022-12-21
929,2022-06-10 04:38:32,2022-06-10
930,2022-08-04 08:43:36,2022-08-04
931,2022-12-11 02:00:38,2022-12-11
932,2022-05-21 09:30:49,2022-05-21
933,2022-11-24 23:44:47,2022-11-24
934,2022-12-01 16:43:31,2022-12-01
935,2022-09-24 11:41:29,2022-09-24
936,2022-10-26 11:56:26,2022-10-26
937,2022-03-21 12:26:38,2022-03-21
938,2022-06-03 18:18:49,2022-06-03
939,2022-04-02 01:11:42,2022-04-02
940,2022-10-06 04:34:18,2022-10-06
941,2022-07-27 19:48:49,2022-07-27
942,2022-06-28 13:10:41,2022-06-28
943,2022-10-06 06:33:32,2022-10-06
944,2022-01-11 21:23:02,2022-01-11
945,2022-07-20 12:16:09,2022-07-20
946,2022-02-11 04:33:33,2022-02-11
947,2022-11-11 17:49:53,2022-11-11
948,2022-04-04 02:54:35,2022-04-04
949,2022-12-22 03:06:46,2022-12-22
950,2022-05-10 04:01:35,2022-05-10
951,2022-01-24 21:51:05,2022-01-24
952,2022-10-22 15:30:09,2022-10-22
953,2022-12-30 06:32:27,2022-12-30
954,2022-07-02 17:06:24,2022-07-02
955,2022-07-18 08:52:02,2022-07-18
956,2022-03-19 22:37:51,2022-03-19
957,2022-08-17 22:13:33,2022-08-17
958,2022-05-12 08:48:00,2022-05-12
959,2022-08-02 09:42:36,2022-08-02
960,2022-06-17 05:27:47,2022-06-17
961,2022-09-29 06:21:48,2022-09-29
962,2022-10-10 05:41:19,2022-10-10
963,2022-07-23 21:28:32,2022-07-23
964,2022-10-22 11:03:42,2022-10-22
965,2022-07-23 02:20:17,2022-07-23
966,2022-02-11 11:46:19,2022-02-11
967,2022-09-27 09:05:52,2022-09-27
968,2022-11-21 18:43:06,2022-11-21
969,2022-05-07 04:13:19,2022-05-07
970,2022-05-06 20:24:54,2022-05-06
971,2022-05-05 03:10:19,2022-05-05
972,2022-10-31 16:17:46,2022-10-31
973,2022-01-21 13:31:43,2022-01-21
974,2022-11-08 23:24:58,2022-11-08
975,2022-08-11 04:18:31,2022-08-11
976,2022-08-11 23:11:06,2022-08-11
977,2022-07-30 12:43:07,2022-07-30
978,2022-10-30 20:53:11,2022-10-30
979,2022-01-04 23:51:37,2022-01-04
980,2022-09-22 16:13:43,2022-09-22
981,2022-10-07 08:02:21,2022-10-07
982,2022-10-07 14:13:04,2022-10-07
983,2022-11-12 08:44:25,2022-11-12
984,2022-03-20 19:18:15,2022-03-20
985,2022-03-01 18:40:15,2022-03-01
986,2022-12-26 04:26:20,2022-12-26
987,2022-09-08 14:11:03,2022-09-08
988,2022-04-09 16:31:48,2022-04-09
989,2022-03-15 23:02:31,2022-03-15
990,2022-12-10 02:15:08,2022-12-10
991,2022-07-04 09:06:07,2022-07-04
992,2022-11-19 00:22:12,2022-11-19
993,2022-06-09 09:26:12,2022-06-09
994,2022-12-08 10:50:34,2022-12-08
995,2022-10-26 01:28:15,2022-10-26
996,2022-09-19 20:25:23,2022-09-19
997,2022-06-12 18:26:47,2022-06-12
998,2022-12-18 14:47:37,2022-12-18
999,2022-04-11 21:01:44,2022-04-11
